-- phpMyAdmin SQL Dump
-- version 5.2.1
-- https://www.phpmyadmin.net/
--
-- Host: 127.0.0.1
-- Generation Time: Sep 16, 2024 at 05:14 PM
-- Server version: 10.4.28-MariaDB
-- PHP Version: 8.2.4

SET SQL_MODE = "NO_AUTO_VALUE_ON_ZERO";
START TRANSACTION;
SET time_zone = "+00:00";


/*!40101 SET @OLD_CHARACTER_SET_CLIENT=@@CHARACTER_SET_CLIENT */;
/*!40101 SET @OLD_CHARACTER_SET_RESULTS=@@CHARACTER_SET_RESULTS */;
/*!40101 SET @OLD_COLLATION_CONNECTION=@@COLLATION_CONNECTION */;
/*!40101 SET NAMES utf8mb4 */;

--
-- Database: `rom_db`
--

-- --------------------------------------------------------

--
-- Table structure for table `admin`
--

CREATE TABLE `admin` (
  `Admin_ID` int(11) NOT NULL,
  `Username` varchar(50) NOT NULL,
  `Password` varchar(50) NOT NULL
) ENGINE=InnoDB DEFAULT CHARSET=utf8mb4 COLLATE=utf8mb4_general_ci;

--
-- Dumping data for table `admin`
--

INSERT INTO `admin` (`Admin_ID`, `Username`, `Password`) VALUES
(1, 'admin', '3608');

-- --------------------------------------------------------

--
-- Table structure for table `customer`
--

CREATE TABLE `customer` (
  `Customer_ID` int(11) NOT NULL,
  `Name` varchar(50) DEFAULT NULL
) ENGINE=InnoDB DEFAULT CHARSET=utf8mb4 COLLATE=utf8mb4_general_ci;

--
-- Dumping data for table `customer`
--

INSERT INTO `customer` (`Customer_ID`, `Name`) VALUES
(1, 'Fonz'),
(2, 'ah'),
(3, 'cara'),
(4, 'tapaboi'),
(5, 'juanApplepie'),
(6, 'beeeef'),
(7, 'friezzer'),
(9, 'chocoo'),
(10, 'TestingDevelopment'),
(11, 'aa'),
(12, 'az'),
(14, 'stap tap'),
(15, 'zz'),
(16, 'a'),
(17, 'ffiesto'),
(18, 'h'),
(19, ''),
(20, ''),
(21, 'rh'),
(23, 'a'),
(24, 'steee'),
(25, 'food'),
(27, 'yvooo'),
(28, ''),
(33, 'z'),
(35, ''),
(36, ''),
(39, ''),
(40, 'fdf'),
(41, 'name'),
(42, 'ice cream boi'),
(43, ''),
(44, 'MARKKKKKKi'),
(45, 'sfsf'),
(50, 'Kharl'),
(51, 'Sisig Guy'),
(52, 'Donla'),
(53, 'Yshina'),
(54, 'Last'),
(57, ''),
(58, 'Roland'),
(60, 'nachiii'),
(61, 'dsd'),
(62, '34343');

-- --------------------------------------------------------

--
-- Table structure for table `employee`
--

CREATE TABLE `employee` (
  `Employee_ID` int(11) NOT NULL,
  `Username` varchar(50) NOT NULL,
  `Password` varchar(50) NOT NULL
) ENGINE=InnoDB DEFAULT CHARSET=utf8mb4 COLLATE=utf8mb4_general_ci;

--
-- Dumping data for table `employee`
--

INSERT INTO `employee` (`Employee_ID`, `Username`, `Password`) VALUES
(1, 'user', '123'),
(2, 'Peter John', 'john316'),
(3, 'Alice', 'borderland'),
(4, 'Morty', 'rick'),
(5, 'vel', 'koz'),
(6, 's', 's'),
(7, 'Mark', 'Okay');

-- --------------------------------------------------------

--
-- Table structure for table `employeeattendance`
--

CREATE TABLE `employeeattendance` (
  `Employee_ID` int(11) DEFAULT NULL,
  `Date` date NOT NULL,
  `TimeIn` time NOT NULL,
  `TimeOut` time NOT NULL
) ENGINE=InnoDB DEFAULT CHARSET=utf8mb4 COLLATE=utf8mb4_general_ci;

--
-- Dumping data for table `employeeattendance`
--

INSERT INTO `employeeattendance` (`Employee_ID`, `Date`, `TimeIn`, `TimeOut`) VALUES
(1, '0000-00-00', '01:38:40', '01:38:48'),
(1, '0000-00-00', '01:39:56', '01:40:05'),
(1, '0000-00-00', '01:40:46', '01:40:48'),
(1, '0000-00-00', '01:44:49', '01:45:13'),
(1, '0000-00-00', '01:45:33', '01:45:40'),
(1, '0000-00-00', '01:46:08', '01:46:10'),
(1, '2023-06-17', '01:47:46', '01:47:48'),
(1, '2023-06-17', '01:48:05', '01:48:07'),
(1, '2023-06-17', '01:48:40', '01:48:42'),
(1, '2023-06-17', '02:06:19', '02:06:25'),
(1, '2023-06-17', '05:16:19', '05:16:28'),
(1, '2023-06-17', '05:16:47', '05:16:55'),
(1, '2023-06-17', '05:17:32', '05:17:56'),
(1, '2023-06-17', '05:19:20', '05:19:23'),
(1, '2023-06-17', '05:20:37', '05:20:41'),
(1, '2023-06-17', '05:21:42', '05:21:45'),
(1, '2023-06-17', '05:23:06', '05:23:08'),
(1, '2023-06-17', '05:23:42', '05:23:46'),
(1, '2023-06-17', '05:24:06', '05:24:15'),
(1, '2023-06-17', '05:25:37', '05:25:50'),
(1, '2023-06-17', '05:26:05', '05:26:36'),
(1, '2023-06-17', '05:26:48', '05:26:53'),
(1, '2023-06-17', '05:31:31', '05:32:19'),
(1, '2023-06-17', '05:33:23', '05:34:08'),
(1, '2023-06-17', '05:34:15', '05:34:32'),
(1, '2023-06-17', '05:35:48', '05:36:11'),
(1, '2023-06-17', '05:36:19', '05:36:42'),
(1, '2023-06-17', '05:38:29', '05:38:51'),
(1, '2023-06-17', '05:48:52', '05:49:34'),
(1, '2023-06-17', '05:49:42', '05:50:58'),
(1, '2023-06-17', '05:51:08', '05:52:31'),
(1, '2023-06-17', '05:54:22', '05:54:30'),
(1, '2023-06-17', '09:43:05', '09:43:29'),
(1, '2023-06-17', '09:44:07', '09:44:21'),
(1, '2023-06-17', '09:49:12', '09:49:30'),
(1, '2023-06-17', '09:52:35', '09:52:51'),
(1, '2023-06-17', '09:55:15', '09:55:25'),
(1, '2023-06-17', '10:04:30', '10:04:54'),
(1, '2023-06-17', '10:05:41', '10:05:59'),
(1, '2023-06-17', '10:10:51', '10:11:04'),
(1, '2023-06-17', '10:11:49', '10:12:00'),
(1, '2023-06-17', '10:12:22', '10:12:32'),
(1, '2023-06-17', '10:16:08', '10:16:33'),
(1, '2023-06-17', '10:20:12', '10:20:50'),
(1, '2023-06-17', '10:22:10', '10:23:49'),
(1, '2023-06-17', '10:24:18', '10:25:31'),
(1, '2023-06-17', '10:25:46', '10:25:58'),
(1, '2023-06-17', '10:26:15', '10:27:13'),
(1, '2023-06-17', '10:27:22', '10:28:50'),
(1, '2023-06-17', '10:28:57', '10:29:07'),
(1, '2023-06-17', '10:29:18', '10:29:49'),
(1, '2023-06-17', '10:29:58', '10:30:08'),
(1, '2023-06-17', '10:30:18', '10:30:43'),
(1, '2023-06-17', '10:31:09', '10:31:31'),
(1, '2023-06-17', '10:31:59', '10:32:47'),
(1, '2023-06-17', '10:32:55', '10:35:56'),
(1, '2023-06-17', '10:40:37', '10:40:46'),
(1, '2023-06-17', '10:42:47', '10:43:15'),
(1, '2023-06-17', '10:46:39', '10:46:50'),
(1, '2023-06-17', '10:48:08', '10:49:53'),
(1, '2023-06-17', '10:52:10', '10:52:17'),
(1, '2023-06-17', '10:54:35', '10:54:37'),
(1, '2023-06-17', '10:58:58', '10:59:33'),
(1, '2023-06-17', '11:40:33', '11:40:57'),
(1, '2023-06-17', '11:41:39', '11:42:21'),
(1, '2023-06-17', '11:42:30', '11:43:29'),
(1, '2023-06-17', '11:43:58', '11:44:10'),
(1, '2023-06-17', '11:45:10', '11:45:34'),
(1, '2023-06-17', '11:46:49', '11:48:49'),
(1, '2023-06-17', '11:49:49', '11:52:35'),
(1, '2023-06-17', '11:52:57', '11:53:37'),
(1, '2023-06-17', '11:53:43', '11:59:26'),
(1, '2023-06-17', '12:00:20', '12:00:57'),
(1, '2023-06-17', '12:01:04', '12:01:13'),
(1, '2023-06-17', '12:02:00', '12:02:59'),
(1, '2023-06-17', '12:03:08', '12:04:14'),
(1, '2023-06-17', '12:09:45', '12:09:55'),
(1, '2023-06-17', '12:11:01', '12:11:30'),
(1, '2023-06-17', '12:12:00', '12:12:22'),
(1, '2023-06-17', '12:12:36', '12:13:26'),
(1, '2023-06-17', '12:13:37', '12:14:44'),
(1, '2023-06-17', '12:22:32', '12:23:04'),
(1, '2023-06-17', '12:23:11', '12:23:17'),
(1, '2023-06-17', '12:23:52', '12:24:29'),
(1, '2023-06-17', '12:25:58', '12:26:22'),
(1, '2023-06-17', '12:39:57', '12:41:30'),
(1, '2023-06-17', '12:41:38', '12:42:40'),
(1, '2023-06-17', '12:42:47', '12:43:00'),
(1, '2023-06-17', '12:43:22', '12:43:33'),
(1, '2023-06-17', '12:51:24', '12:52:17'),
(1, '2023-06-17', '12:53:57', '12:54:09'),
(1, '2023-06-17', '12:59:46', '01:00:00'),
(1, '2023-06-17', '01:00:23', '01:01:08'),
(1, '2023-06-17', '01:01:15', '01:02:39'),
(1, '2023-06-17', '01:04:18', '01:04:25'),
(1, '2023-06-17', '01:05:00', '01:05:31'),
(1, '2023-06-17', '01:05:50', '01:06:10'),
(1, '2023-06-17', '01:07:48', '01:08:01'),
(1, '2023-06-17', '01:08:43', '01:08:56'),
(1, '2023-06-17', '01:09:26', '01:10:32'),
(1, '2023-06-17', '08:48:32', '08:49:00'),
(1, '2023-06-17', '08:49:54', '08:50:11'),
(1, '2023-06-17', '09:11:21', '09:11:26'),
(1, '2023-06-17', '09:21:17', '09:21:25'),
(1, '2023-06-17', '09:26:18', '09:26:27'),
(1, '2023-06-17', '09:27:45', '09:31:00'),
(1, '2023-06-17', '09:33:19', '09:33:25'),
(1, '2023-06-17', '09:35:04', '09:35:14'),
(1, '2023-06-17', '09:35:33', '09:35:41'),
(1, '2023-06-17', '09:35:51', '09:36:05'),
(1, '2023-06-17', '09:42:51', '09:44:34'),
(1, '2023-06-17', '09:50:51', '09:51:06'),
(1, '2023-06-17', '10:19:36', '10:20:11'),
(1, '2023-06-17', '10:20:30', '10:20:35'),
(1, '2023-06-17', '10:20:48', '10:20:52'),
(1, '2023-06-17', '10:21:48', '10:22:02'),
(1, '2023-06-17', '10:22:11', '10:22:14'),
(1, '2023-06-17', '10:23:42', '10:23:57'),
(1, '2023-06-17', '10:24:14', '10:24:38'),
(1, '2023-06-17', '10:25:10', '10:25:18'),
(1, '2023-06-17', '10:32:13', '10:32:42'),
(1, '2023-06-17', '11:11:05', '11:11:10'),
(1, '2023-06-17', '11:20:13', '11:20:24'),
(1, '2023-06-17', '11:54:49', '11:56:14'),
(1, '2023-06-18', '12:04:05', '12:06:54'),
(1, '2023-06-18', '12:07:01', '12:12:19'),
(1, '2023-06-18', '12:15:36', '12:16:02'),
(1, '2023-06-18', '12:18:10', '12:25:33'),
(1, '2023-06-18', '06:14:38', '06:15:02'),
(1, '2023-06-18', '06:16:02', '06:16:09'),
(1, '2023-06-18', '06:17:45', '06:17:52'),
(1, '2023-06-18', '06:18:20', '06:18:28'),
(1, '2023-06-18', '06:18:54', '06:19:25'),
(1, '2023-06-18', '06:19:31', '06:20:36'),
(1, '2023-06-18', '06:20:42', '06:21:13'),
(1, '2023-06-18', '06:21:20', '06:22:25'),
(1, '2023-06-18', '06:22:31', '06:24:42'),
(1, '2023-06-18', '06:26:52', '06:27:04'),
(1, '2023-06-18', '06:27:29', '06:29:30'),
(1, '2023-06-18', '06:29:36', '06:29:47'),
(1, '2023-06-18', '06:31:03', '06:32:56'),
(1, '2023-06-18', '06:35:16', '06:35:56'),
(1, '2023-06-18', '06:36:12', '06:38:26'),
(1, '2023-06-18', '06:38:32', '06:39:26'),
(1, '2023-06-18', '08:51:03', '08:51:44'),
(1, '2023-06-18', '04:40:06', '04:40:57'),
(1, '2023-06-18', '06:48:55', '06:49:02'),
(1, '2023-06-18', '06:49:40', '06:50:04'),
(1, '2023-06-18', '06:50:24', '06:50:37'),
(1, '2023-06-18', '06:50:55', '06:51:04'),
(1, '2023-06-18', '06:51:28', '06:52:20'),
(1, '2023-06-18', '06:52:45', '06:53:26'),
(1, '2023-06-18', '06:53:41', '06:53:51'),
(1, '2023-06-18', '06:54:02', '06:54:09'),
(1, '2023-06-18', '06:54:18', '06:54:24'),
(1, '2023-06-18', '06:56:15', '06:56:22'),
(1, '2023-06-18', '06:57:10', '06:57:19'),
(1, '2023-06-18', '06:58:11', '06:58:36'),
(1, '2023-06-18', '06:59:52', '07:00:02'),
(1, '2023-06-18', '07:01:32', '07:01:37'),
(1, '2023-06-18', '07:01:45', '07:01:58'),
(1, '2023-06-18', '07:02:49', '07:03:07'),
(1, '2023-06-18', '07:03:20', '07:03:32'),
(1, '2023-06-18', '07:03:44', '07:04:10'),
(1, '2023-06-18', '07:08:04', '07:08:12'),
(1, '2023-06-18', '07:09:03', '07:09:26'),
(1, '2023-06-18', '07:09:32', '07:10:18'),
(1, '2023-06-18', '07:10:23', '07:10:30'),
(1, '2023-06-18', '07:10:47', '07:11:00'),
(1, '2023-06-18', '07:11:55', '07:12:05'),
(1, '2023-06-18', '07:12:27', '07:12:34'),
(1, '2023-06-18', '07:13:05', '07:13:10'),
(1, '2023-06-18', '07:13:18', '07:13:23'),
(1, '2023-06-18', '07:13:34', '07:16:39'),
(1, '2023-06-18', '07:16:50', '07:18:02'),
(1, '2023-06-18', '07:18:08', '07:18:26'),
(1, '2023-06-18', '07:18:49', '07:19:00'),
(1, '2023-06-18', '07:19:11', '07:19:21'),
(1, '2023-06-18', '07:20:53', '07:21:15'),
(1, '2023-06-18', '07:22:22', '07:22:31'),
(1, '2023-06-18', '07:23:06', '07:25:33'),
(1, '2023-06-18', '07:29:21', '07:29:44'),
(1, '2023-06-18', '07:31:58', '07:32:44'),
(1, '2023-06-18', '07:34:15', '07:44:55'),
(1, '2023-06-18', '07:48:29', '07:49:38'),
(1, '2023-06-18', '07:50:01', '07:50:48'),
(1, '2023-06-18', '08:00:03', '08:00:24'),
(1, '2023-06-18', '08:00:37', '08:00:42'),
(1, '2023-06-18', '08:01:50', '08:01:55'),
(1, '2023-06-18', '08:05:09', '08:06:37'),
(1, '2023-06-18', '08:06:42', '08:06:49'),
(1, '2023-06-18', '08:07:27', '08:08:14'),
(1, '2023-06-18', '08:08:48', '08:09:09'),
(1, '2023-06-18', '08:09:37', '08:10:07'),
(1, '2023-06-18', '08:10:21', '08:12:16'),
(1, '2023-06-18', '08:15:30', '08:17:29'),
(1, '2023-06-18', '08:20:00', '08:26:32'),
(1, '2023-06-18', '08:28:13', '08:28:42'),
(1, '2023-06-18', '08:33:31', '08:43:39'),
(1, '2023-06-18', '09:10:39', '09:13:39'),
(1, '2023-06-18', '09:13:46', '09:16:53'),
(1, '2023-06-18', '09:17:00', '09:17:04'),
(1, '2023-06-18', '09:21:43', '09:22:18'),
(1, '2023-06-18', '09:33:38', '09:34:06'),
(1, '2023-06-18', '09:35:57', '09:36:27'),
(1, '2023-06-18', '09:39:55', '09:40:22'),
(1, '2023-06-18', '09:44:29', '09:44:36'),
(1, '2023-06-18', '09:49:19', '09:53:16'),
(1, '2023-06-18', '10:03:20', '10:03:25'),
(1, '2023-06-19', '06:04:30', '06:05:21'),
(1, '2023-06-19', '06:16:01', '06:18:45'),
(1, '2023-06-19', '06:19:36', '06:21:31'),
(1, '2023-06-19', '06:22:04', '06:22:09'),
(1, '2023-06-19', '06:22:46', '06:25:22'),
(1, '2023-06-19', '06:29:44', '06:29:57'),
(1, '2023-06-19', '06:35:33', '06:35:48'),
(1, '2023-06-19', '07:50:50', '07:51:59'),
(1, '2023-06-19', '07:52:27', '07:52:45'),
(1, '2023-06-19', '07:53:04', '07:53:10'),
(1, '2023-06-19', '08:16:03', '08:16:13'),
(1, '2023-06-19', '08:18:26', '08:18:54'),
(1, '2023-06-19', '08:22:41', '08:22:52'),
(1, '2023-06-19', '08:23:24', '08:23:39'),
(1, '2023-06-19', '08:27:21', '08:27:51'),
(1, '2023-06-19', '08:29:13', '08:29:20'),
(1, '2023-06-19', '08:29:32', '08:29:45'),
(1, '2023-06-19', '08:30:51', '08:30:56'),
(1, '2023-06-19', '08:31:31', '08:31:39'),
(1, '2023-06-19', '08:32:32', '08:32:38'),
(1, '2023-06-19', '08:36:03', '08:36:07'),
(1, '2023-06-19', '08:41:02', '08:41:22'),
(1, '2023-06-19', '09:30:39', '09:31:17'),
(1, '2023-06-19', '09:44:41', '09:44:47'),
(1, '2023-06-19', '09:44:56', '09:45:11'),
(1, '2023-06-19', '09:46:43', '09:46:53'),
(1, '2023-06-19', '09:47:09', '09:47:17'),
(1, '2023-06-19', '09:48:47', '09:49:02'),
(1, '2023-06-19', '09:49:13', '09:49:25'),
(1, '2023-06-19', '09:50:05', '09:50:22'),
(1, '2023-06-19', '09:50:31', '09:51:04'),
(1, '2023-06-19', '09:51:32', '09:51:57'),
(1, '2023-06-19', '09:52:43', '09:52:52'),
(1, '2023-06-19', '09:53:13', '09:53:24'),
(1, '2023-06-19', '09:55:02', '09:55:51'),
(1, '2023-06-19', '10:23:23', '10:23:36'),
(1, '2023-06-19', '10:25:37', '10:26:07'),
(1, '2023-06-19', '10:27:18', '10:27:35'),
(1, '2023-06-19', '10:30:27', '10:30:44'),
(1, '2023-06-19', '10:40:53', '10:41:10'),
(1, '2023-06-19', '10:43:42', '10:44:15'),
(1, '2023-06-19', '11:02:28', '11:03:12'),
(1, '2023-06-19', '11:35:08', '11:36:46'),
(1, '2023-06-19', '11:37:28', '11:38:02'),
(1, '2023-06-19', '01:22:11', '01:22:50'),
(1, '2023-06-19', '01:38:54', '01:39:00'),
(1, '2023-06-19', '01:39:35', '01:40:00'),
(1, '2023-06-19', '02:00:29', '02:00:51'),
(1, '2023-06-19', '08:32:16', '08:32:25'),
(1, '2023-06-19', '08:34:08', '08:34:43'),
(1, '2023-06-19', '08:36:22', '08:36:27'),
(1, '2023-06-19', '08:36:52', '08:37:03'),
(1, '2023-06-19', '08:39:57', '08:40:16'),
(1, '2023-06-19', '08:44:54', '08:46:40'),
(1, '2023-06-19', '08:47:08', '08:47:41'),
(1, '2023-06-19', '09:04:07', '09:05:51'),
(1, '2023-06-19', '09:05:57', '09:06:13'),
(1, '2023-06-19', '09:06:53', '09:07:05'),
(1, '2023-06-19', '09:07:45', '09:07:52'),
(1, '2023-06-19', '09:09:05', '09:09:19'),
(1, '2023-06-19', '09:09:40', '09:09:46'),
(1, '2023-06-19', '09:09:59', '09:10:29'),
(1, '2023-06-19', '09:12:11', '09:12:48'),
(1, '2023-06-19', '09:14:07', '09:14:14'),
(1, '2023-06-19', '09:15:12', '09:15:21'),
(1, '2023-06-19', '09:16:05', '09:16:09'),
(1, '2023-06-19', '09:16:26', '09:16:59'),
(1, '2023-06-19', '09:17:47', '09:17:54'),
(1, '2023-06-19', '09:18:19', '09:18:58'),
(1, '2023-06-19', '09:19:24', '09:19:31'),
(1, '2023-06-19', '09:19:40', '09:19:50'),
(1, '2023-06-19', '09:20:12', '09:20:16'),
(1, '2023-06-19', '09:20:26', '09:20:39'),
(1, '2023-06-19', '09:21:12', '09:21:23'),
(1, '2023-06-19', '09:21:36', '09:21:45'),
(1, '2023-06-19', '09:21:56', '09:22:10'),
(1, '2023-06-19', '09:22:25', '09:22:43'),
(1, '2023-06-19', '09:23:24', '09:23:30'),
(1, '2023-06-19', '09:23:41', '09:23:50'),
(1, '2023-06-19', '09:24:00', '09:24:05'),
(1, '2023-06-19', '09:24:25', '09:24:28'),
(1, '2023-06-19', '09:24:39', '09:24:46'),
(1, '2023-06-19', '09:25:13', '09:27:18'),
(1, '2023-06-19', '09:38:14', '09:38:21'),
(1, '2023-06-19', '09:38:43', '09:38:49'),
(1, '2023-06-19', '09:39:01', '09:39:52'),
(1, '2023-06-19', '09:40:58', '09:41:07'),
(1, '2023-06-19', '10:47:36', '10:47:43'),
(1, '2023-06-19', '10:51:36', '10:51:49'),
(1, '2023-06-20', '03:19:49', '03:20:03'),
(1, '2023-06-20', '03:24:10', '03:25:03'),
(1, '2023-06-20', '03:26:37', '03:29:57'),
(1, '2023-06-20', '03:36:09', '03:36:20'),
(1, '2023-06-20', '03:37:44', '03:38:13'),
(1, '2023-06-20', '03:40:20', '03:40:55'),
(1, '2023-06-20', '03:50:25', '03:53:58'),
(1, '2023-06-20', '03:55:08', '03:56:27'),
(1, '2023-06-20', '04:02:25', '04:03:01'),
(1, '2023-06-20', '04:03:22', '04:03:38'),
(1, '2023-06-20', '04:05:37', '04:06:00'),
(1, '2023-06-20', '04:06:25', '04:06:43'),
(1, '2023-06-20', '04:07:52', '04:08:18'),
(1, '2023-06-20', '04:08:37', '04:08:44'),
(1, '2023-06-20', '04:09:04', '04:09:28'),
(1, '2023-06-20', '04:10:05', '04:10:50'),
(1, '2023-06-20', '04:13:14', '04:14:04'),
(1, '2023-06-20', '04:15:05', '04:15:21'),
(1, '2023-06-20', '04:15:36', '04:15:48'),
(1, '2023-06-20', '04:21:00', '04:23:15'),
(1, '2023-06-20', '04:26:44', '04:27:24'),
(1, '2023-06-20', '04:28:42', '04:28:56'),
(1, '2023-06-20', '04:31:04', '04:31:23'),
(1, '2023-06-20', '04:31:46', '04:32:38'),
(1, '2023-06-20', '04:33:24', '04:34:27'),
(1, '2023-06-20', '04:35:14', '04:38:42'),
(1, '2023-06-20', '04:39:00', '04:39:10'),
(1, '2023-06-20', '04:40:11', '04:40:46'),
(1, '2023-06-20', '04:41:18', '04:46:41'),
(1, '2023-06-20', '04:46:57', '04:47:25'),
(1, '2023-06-20', '05:04:48', '05:05:07'),
(1, '2023-06-20', '05:06:00', '05:06:08'),
(1, '2023-06-20', '05:06:38', '05:07:06'),
(1, '2023-06-20', '05:08:01', '05:08:14'),
(1, '2023-06-20', '05:08:42', '05:09:08'),
(1, '2023-06-20', '05:12:13', '05:12:31'),
(1, '2023-06-20', '05:13:01', '05:13:46'),
(1, '2023-06-20', '05:16:35', '05:17:04'),
(1, '2023-06-20', '05:18:57', '05:19:12'),
(1, '2023-06-20', '05:20:02', '05:21:01'),
(1, '2023-06-20', '05:23:04', '05:23:09'),
(1, '2023-06-20', '05:29:44', '05:29:56'),
(1, '2023-06-20', '05:29:58', '05:30:02'),
(1, '2023-06-20', '05:30:07', '05:30:22'),
(1, '2023-06-20', '05:30:23', '05:30:33'),
(1, '2023-06-20', '05:36:51', '05:37:05'),
(1, '2023-06-20', '05:37:06', '05:37:20'),
(1, '2023-06-20', '05:37:21', '05:37:24'),
(1, '2023-06-20', '05:37:25', '05:37:37'),
(1, '2023-06-20', '05:40:27', '05:40:43'),
(1, '2023-06-20', '05:40:52', '05:41:01'),
(1, '2023-06-20', '05:41:27', '05:41:30'),
(1, '2023-06-20', '05:42:23', '05:42:24'),
(1, '2023-06-20', '05:42:53', '05:42:56'),
(1, '2023-06-20', '05:43:14', '05:43:15'),
(1, '2023-06-20', '05:43:35', '05:43:36'),
(1, '2023-06-20', '05:43:43', '05:43:45'),
(1, '2023-06-20', '05:44:37', '05:44:39'),
(1, '2023-06-20', '05:44:44', '05:44:44'),
(1, '2023-06-20', '05:45:17', '05:45:18'),
(1, '2023-06-20', '05:45:33', '05:45:39'),
(1, '2023-06-20', '05:48:26', '05:48:34'),
(1, '2023-06-20', '05:48:41', '05:48:45'),
(1, '2023-06-20', '05:48:47', '05:48:48'),
(1, '2023-06-20', '05:49:06', '05:49:08'),
(1, '2023-06-20', '05:49:17', '05:49:19'),
(1, '2023-06-20', '05:49:24', '05:49:27'),
(1, '2023-06-20', '05:53:22', '05:53:30'),
(1, '2023-06-20', '05:53:33', '05:53:39'),
(1, '2023-06-20', '05:53:42', '05:53:45'),
(1, '2023-06-20', '07:50:05', '07:50:26'),
(1, '2023-06-20', '07:51:04', '07:51:05'),
(1, '2023-06-20', '07:51:29', '07:51:31'),
(1, '2023-06-20', '07:52:47', '07:52:49'),
(1, '2023-06-20', '07:52:53', '07:52:56'),
(1, '2023-06-20', '07:53:32', '07:53:33'),
(1, '2023-06-20', '07:53:58', '07:53:59'),
(1, '2023-06-20', '07:54:44', '07:54:44'),
(1, '2023-06-20', '07:54:48', '07:54:49'),
(1, '2023-06-20', '07:54:53', '07:55:01'),
(1, '2023-06-20', '07:55:28', '07:55:29'),
(1, '2023-06-20', '07:55:33', '07:55:34'),
(1, '2023-06-20', '07:55:37', '07:55:55'),
(1, '2023-06-20', '07:57:21', '07:57:26'),
(1, '2023-06-20', '07:57:49', '07:58:16'),
(1, '2023-06-20', '07:59:47', '08:01:26'),
(1, '2023-06-20', '08:04:00', '08:04:21'),
(1, '2023-06-20', '08:49:35', '08:49:42'),
(1, '2023-06-20', '08:50:16', '08:50:34'),
(1, '2023-06-20', '08:51:37', '08:52:07'),
(1, '2023-06-20', '08:52:46', '08:52:55'),
(1, '2023-06-20', '08:53:40', '08:53:44'),
(1, '2023-06-20', '08:58:16', '08:58:24'),
(1, '2023-06-20', '08:58:31', '08:58:37'),
(1, '2023-06-20', '08:58:41', '08:58:44'),
(1, '2023-06-20', '09:10:47', '09:11:11'),
(1, '2023-06-20', '09:14:30', '09:14:47'),
(1, '2023-06-20', '09:15:41', '09:15:57'),
(1, '2023-06-20', '09:16:00', '09:16:03'),
(1, '2023-06-20', '09:29:39', '09:29:55'),
(1, '2023-06-20', '09:31:05', '09:31:16'),
(1, '2023-06-20', '09:31:21', '09:31:26'),
(1, '2023-06-20', '09:38:03', '09:38:15'),
(1, '2023-06-20', '09:38:19', '09:38:23'),
(1, '2023-06-20', '09:38:26', '09:38:31'),
(1, '2023-06-20', '09:40:04', '09:40:25'),
(1, '2023-06-20', '09:41:01', '09:41:28'),
(1, '2023-06-20', '10:03:19', '10:03:31'),
(1, '2023-06-20', '10:20:02', '10:21:57'),
(1, '2023-06-20', '10:31:26', '10:31:40'),
(1, '2023-06-20', '11:12:07', '11:12:24'),
(1, '0000-00-00', '11:15:58', '11:18:16'),
(1, '2023-06-20', '08:17:22', '08:18:26'),
(1, '0000-00-00', '08:58:34', '09:26:30'),
(1, '0000-00-00', '11:48:14', '11:50:01'),
(1, '2023-06-20', '11:51:12', '11:51:33'),
(1, '2023-06-20', '11:51:38', '11:55:00'),
(1, '2023-06-21', '12:01:55', '12:03:18'),
(1, '2023-06-21', '02:10:50', '02:11:01'),
(1, '0000-00-00', '02:57:07', '02:57:19'),
(1, '0000-00-00', '03:08:58', '03:09:08'),
(1, '0000-00-00', '11:21:38', '11:21:58'),
(1, '0000-00-00', '06:28:34', '06:28:44'),
(1, '2023-06-22', '08:48:26', '08:48:43'),
(1, '2023-06-22', '08:50:03', '08:50:12'),
(1, '2023-06-22', '08:50:44', '08:51:07'),
(1, '2023-06-22', '08:51:39', '08:51:45'),
(5, '2023-06-23', '03:57:22', '03:57:31'),
(1, '2023-06-23', '03:58:23', '03:59:06'),
(1, '2023-06-23', '04:03:55', '04:04:04'),
(1, '2023-06-23', '04:04:34', '04:04:56'),
(1, '2023-06-23', '04:06:29', '04:06:49'),
(1, '2023-06-23', '04:13:47', '04:14:41'),
(1, '2023-06-23', '04:15:02', '04:15:24'),
(1, '2023-06-23', '04:17:51', '04:18:04'),
(1, '2023-06-23', '04:24:51', '04:24:59'),
(1, '2023-06-23', '04:25:23', '04:25:49'),
(1, '2023-06-23', '04:27:48', '04:28:45'),
(1, '2023-06-23', '04:31:18', '04:31:53'),
(1, '2023-06-23', '04:33:01', '04:33:36'),
(1, '2023-06-23', '04:33:49', '04:34:14'),
(1, '2023-06-23', '04:35:48', '04:36:17'),
(1, '0000-00-00', '04:46:24', '05:02:51'),
(1, '0000-00-00', '05:03:01', '05:03:40'),
(1, '0000-00-00', '05:04:18', '05:06:34'),
(1, '0000-00-00', '05:17:59', '05:20:48'),
(1, '0000-00-00', '05:21:03', '05:21:58'),
(1, '0000-00-00', '05:22:05', '05:29:36'),
(1, '0000-00-00', '05:29:45', '05:31:01'),
(1, '0000-00-00', '05:31:07', '05:31:59'),
(1, '0000-00-00', '05:32:06', '05:35:45'),
(1, '0000-00-00', '05:35:55', '05:38:28'),
(1, '0000-00-00', '05:38:35', '05:39:44'),
(1, '2023-06-23', '05:39:50', '05:40:06'),
(1, '0000-00-00', '05:43:51', '05:45:45'),
(1, '0000-00-00', '05:45:51', '05:47:11'),
(1, '0000-00-00', '05:47:17', '05:47:56'),
(1, '0000-00-00', '05:48:06', '05:52:20'),
(1, '0000-00-00', '05:52:27', '05:53:47'),
(1, '0000-00-00', '06:14:17', '06:17:29'),
(1, '0000-00-00', '06:17:36', '06:20:11'),
(1, '0000-00-00', '06:21:52', '06:22:30'),
(1, '0000-00-00', '07:06:24', '07:08:31'),
(7, '0000-00-00', '07:15:24', '07:16:21'),
(1, '0000-00-00', '07:20:46', '07:21:30'),
(1, '0000-00-00', '07:22:26', '07:22:41'),
(1, '2023-06-25', '11:51:46', '11:52:01'),
(1, '0000-00-00', '11:45:26', '11:45:55');

-- --------------------------------------------------------

--
-- Table structure for table `inventory`
--

CREATE TABLE `inventory` (
  `ID` varchar(10) NOT NULL,
  `Product_Name` varchar(50) NOT NULL,
  `Stocks` int(11) NOT NULL,
  `Status` varchar(50) NOT NULL,
  `Price` int(11) NOT NULL
) ENGINE=InnoDB DEFAULT CHARSET=utf8mb4 COLLATE=utf8mb4_general_ci;

--
-- Dumping data for table `inventory`
--

INSERT INTO `inventory` (`ID`, `Product_Name`, `Stocks`, `Status`, `Price`) VALUES
('A1', 'Sisig Rice', 997, 'Available', 89),
('A2', 'Pork Steak', 1002, 'Available', 89),
('A3', 'Beef Tapa', 996, 'Available', 85),
('A4', 'Chicken Curry', 997, 'Available', 89),
('A5', 'Roasted Beef', 31, 'Available', 89),
('S1', 'French Fries', 997, 'Unavailable', 50),
('S2', 'Nachos', 4, 'Available', 99),
('D1', 'Apple Pie', 1231, 'Out of Stock', 160),
('D2', 'Halo-Halo', 402, 'Unavailable', 48),
('D3_A', 'Ice Cream', 797, 'Available', 48),
('D3_B', 'Ice Cream', 800, 'Available', 48),
('D3_C', 'Ice Cream', 798, 'Available', 48),
('B1', 'Coca-Cola', 998, 'Available', 35),
('B2', 'Pineapple Juice', 999, 'Available', 30),
('B3', 'Nestea', 1000, 'Available', 30);

-- --------------------------------------------------------

--
-- Table structure for table `order`
--

CREATE TABLE `order` (
  `Order_Number` int(11) NOT NULL,
  `Customer_ID` int(11) DEFAULT NULL,
  `Customer_Name` varchar(50) DEFAULT NULL,
  `Employee_ID` int(11) DEFAULT NULL,
  `Employee_Name` varchar(50) DEFAULT NULL,
  `TotalOrder_Cost` int(11) NOT NULL,
  `OrderList_ID` int(11) DEFAULT NULL
) ENGINE=InnoDB DEFAULT CHARSET=utf8mb4 COLLATE=utf8mb4_general_ci;

--
-- Dumping data for table `order`
--

INSERT INTO `order` (`Order_Number`, `Customer_ID`, `Customer_Name`, `Employee_ID`, `Employee_Name`, `TotalOrder_Cost`, `OrderList_ID`) VALUES
(2, 1, 'Fonz', NULL, NULL, 466, 1),
(3, 2, 'ah', 1, 'user', 348, 2),
(4, 3, 'cara', 1, 'user', 622, 3),
(5, 4, 'tapaboi', 1, 'user', 445, 4),
(6, 5, 'juanApplepie', NULL, NULL, 160, 5),
(7, 6, 'beeeef', NULL, NULL, 89, 6),
(8, 7, 'friezzer', NULL, NULL, 150, 7),
(10, 9, 'chocoo', NULL, NULL, 48, 9),
(11, 10, 'TestingDevelopment', NULL, NULL, 178, 10),
(12, 11, 'aa', NULL, NULL, 267, 11),
(13, 12, 'az', 1, 'a', 100, 12),
(15, 14, 'stap tap', 1, 'user', 255, 14),
(16, 15, 'zz', NULL, NULL, 267, 15),
(17, 16, 'a', 1, 'user', 255, 16),
(18, 17, 'ffiesto', 7, 'Mark', 611, 17),
(19, 18, 'h', 1, 'user', 89, 18),
(20, 19, '', NULL, NULL, 89, 19),
(21, 20, '', NULL, NULL, 89, 20),
(22, 21, 'rh', NULL, NULL, 137, 21),
(24, 23, 'a', 1, 'user', 146, 23),
(25, 24, 'steee', 1, 'user', 198, 24),
(26, 25, 'food', 1, 'user', 155, 25),
(28, 27, 'yvooo', NULL, NULL, 378, 27),
(29, 28, '', NULL, NULL, 99, 28),
(34, 33, 'z', NULL, NULL, 267, 33),
(36, 35, '', 1, 'user', 1210, 35),
(37, 36, '', 1, 'user', 267, 36),
(40, 39, '', 1, 'user', 255, 39),
(41, 40, 'fdf', NULL, NULL, 89, 40),
(42, 41, 'name', 1, 'user', 255, 41),
(43, 42, 'ice cream boi', 1, 'user', 288, 42),
(44, 43, '', 1, 'user', 742, 43),
(45, 44, 'MARKKKKKKi', NULL, NULL, 739, 44),
(46, 45, 'sfsf', 1, 'user', 819, 45),
(47, NULL, 'test', NULL, NULL, 999, 12),
(48, NULL, 'test', 1, 'user', 144, 12),
(53, 50, 'Kharl', NULL, NULL, 178, 50),
(54, 51, 'Sisig Guy', NULL, NULL, 267, 51),
(55, 52, 'Donla', 1, 'user', 48, 52),
(56, 53, 'Yshina', NULL, NULL, 267, 53),
(57, 54, 'Last', NULL, NULL, 178, 54),
(60, 57, '', 1, 'user', 657, 57),
(61, 58, 'Roland', NULL, NULL, 383, 58),
(63, 60, 'nachiii', 1, 'user', 297, 60),
(64, 61, 'dsd', NULL, NULL, 399, 61),
(65, 62, '34343', NULL, NULL, 445, 62);

-- --------------------------------------------------------

--
-- Table structure for table `orderlist`
--

CREATE TABLE `orderlist` (
  `OrderList_ID` int(11) NOT NULL,
  `A1` int(11) DEFAULT NULL,
  `A2` int(11) DEFAULT NULL,
  `A3` int(11) DEFAULT NULL,
  `A4` int(11) DEFAULT NULL,
  `A5` int(11) DEFAULT NULL,
  `S1` int(11) DEFAULT NULL,
  `S2` int(11) DEFAULT NULL,
  `D1` int(11) DEFAULT NULL,
  `D2` int(11) DEFAULT NULL,
  `D3_A` int(11) DEFAULT NULL,
  `D3_B` int(11) DEFAULT NULL,
  `D3_C` int(11) DEFAULT NULL,
  `B1` int(11) DEFAULT NULL,
  `B2` int(11) DEFAULT NULL,
  `B3` int(11) DEFAULT NULL
) ENGINE=InnoDB DEFAULT CHARSET=utf8mb4 COLLATE=utf8mb4_general_ci;

--
-- Dumping data for table `orderlist`
--

INSERT INTO `orderlist` (`OrderList_ID`, `A1`, `A2`, `A3`, `A4`, `A5`, `S1`, `S2`, `D1`, `D2`, `D3_A`, `D3_B`, `D3_C`, `B1`, `B2`, `B3`) VALUES
(1, 0, 2, 0, 0, 0, 0, 0, 0, 3, 2, 1, 0, 0, 0, 0),
(2, 0, 0, 2, 2, 0, 0, 0, 0, 0, 0, 0, 0, 0, 0, 0),
(3, 0, 0, 1, 0, 0, 0, 3, 0, 0, 0, 0, 5, 0, 0, 0),
(4, 0, 0, 0, 0, 5, 0, 0, 0, 0, 0, 0, 0, 0, 0, 0),
(5, 0, 0, 0, 0, 0, 0, 0, 1, 0, 0, 0, 0, 0, 0, 0),
(6, 0, 0, 0, 0, 1, 0, 0, 0, 0, 0, 0, 0, 0, 0, 0),
(7, 0, 0, 0, 0, 0, 3, 0, 0, 0, 0, 0, 0, 0, 0, 0),
(9, 0, 0, 0, 0, 0, 0, 0, 0, 0, 1, 0, 0, 0, 0, 0),
(10, 0, 2, 0, 0, 0, 0, 0, 0, 0, 0, 0, 0, 0, 0, 0),
(11, 0, 0, 0, 0, 3, 0, 0, 0, 0, 0, 0, 0, 0, 0, 0),
(12, 0, 0, 0, 0, 0, 0, 0, 0, 0, 3, 0, 0, 0, 0, 0),
(14, 0, 0, 3, 0, 0, 0, 0, 0, 0, 0, 0, 0, 0, 0, 0),
(15, 0, 3, 0, 0, 0, 0, 0, 0, 0, 0, 0, 0, 0, 0, 0),
(16, 0, 0, 3, 0, 0, 0, 0, 0, 0, 6, 0, 0, 0, 0, 0),
(17, 0, 0, 0, 0, 0, 0, 1, 2, 2, 1, 1, 0, 0, 0, 0),
(18, 0, 1, 0, 0, 0, 0, 0, 2, 1, 3, 0, 0, 0, 0, 0),
(19, 0, 0, 0, 1, 0, 0, 0, 0, 0, 0, 0, 0, 0, 0, 0),
(20, 0, 0, 0, 1, 0, 0, 0, 0, 0, 0, 0, 0, 0, 0, 0),
(21, 0, 0, 0, 0, 1, 0, 0, 0, 1, 0, 0, 0, 0, 0, 0),
(23, 0, 0, 0, 0, 0, 1, 0, 0, 2, 0, 0, 0, 0, 0, 0),
(24, 0, 0, 0, 0, 0, 0, 2, 0, 0, 0, 0, 0, 0, 0, 0),
(25, 0, 0, 1, 0, 0, 0, 0, 0, 0, 0, 0, 0, 2, 0, 0),
(27, 0, 1, 0, 0, 0, 0, 1, 1, 0, 0, 0, 0, 0, 1, 0),
(28, 0, 0, 0, 0, 0, 0, 1, 0, 0, 0, 0, 0, 0, 0, 0),
(33, 0, 3, 0, 0, 0, 0, 0, 0, 0, 0, 0, 0, 0, 0, 0),
(35, 0, 1, 0, 0, 0, 1, 5, 3, 1, 1, 0, 0, 0, 0, 0),
(36, 0, 3, 0, 0, 0, 0, 0, 0, 0, 0, 0, 0, 0, 0, 0),
(37, 0, 0, 1, 0, 0, 0, 0, 0, 0, 0, 0, 0, 0, 0, 0),
(39, 0, 0, 3, 0, 0, 0, 0, 0, 0, 0, 0, 0, 0, 0, 0),
(40, 0, 1, 0, 0, 0, 0, 0, 0, 0, 0, 0, 0, 0, 0, 0),
(41, 0, 0, 3, 0, 0, 0, 0, 0, 0, 0, 0, 0, 0, 0, 0),
(42, 0, 0, 0, 0, 0, 0, 0, 0, 0, 3, 2, 1, 0, 0, 0),
(43, 0, 6, 0, 0, 0, 0, 0, 1, 1, 0, 0, 0, 0, 0, 0),
(44, 0, 0, 3, 0, 0, 2, 0, 0, 4, 1, 1, 2, 0, 0, 0),
(45, 0, 3, 0, 0, 0, 4, 0, 1, 4, 0, 0, 0, 0, 0, 0),
(50, 2, 0, 0, 0, 0, 0, 0, 0, 0, 0, 0, 0, 0, 0, 0),
(51, 3, 0, 0, 0, 0, 0, 0, 0, 0, 0, 0, 0, 0, 0, 0),
(52, 0, 0, 0, 0, 0, 0, 0, 0, 0, 1, 0, 0, 0, 0, 0),
(53, 0, 3, 0, 0, 0, 0, 0, 0, 0, 0, 0, 0, 0, 0, 0),
(54, 2, 0, 0, 0, 0, 0, 0, 0, 0, 0, 0, 0, 0, 0, 0),
(56, 0, 0, 0, 0, 0, 5, 0, 0, 0, 0, 0, 0, 0, 0, 0),
(57, 3, 0, 0, 0, 0, 3, 0, 0, 2, 2, 1, 0, 0, 0, 0),
(58, 0, 0, 1, 0, 0, 0, 2, 0, 0, 0, 0, 0, 2, 1, 0),
(60, 0, 0, 0, 0, 0, 0, 3, 0, 0, 0, 0, 0, 0, 0, 0),
(61, 0, 0, 3, 0, 0, 0, 0, 0, 0, 3, 0, 0, 0, 0, 0),
(62, 0, 0, 0, 4, 1, 0, 0, 0, 0, 0, 0, 0, 0, 0, 0);

-- --------------------------------------------------------

--
-- Table structure for table `transactions`
--

CREATE TABLE `transactions` (
  `Transaction_ID` int(11) NOT NULL,
  `Order_Number` int(11) DEFAULT NULL,
  `Date_Purchased` datetime NOT NULL,
  `ModeOfPayment` varchar(50) DEFAULT NULL
) ENGINE=InnoDB DEFAULT CHARSET=utf8mb4 COLLATE=utf8mb4_general_ci;

--
-- Dumping data for table `transactions`
--

INSERT INTO `transactions` (`Transaction_ID`, `Order_Number`, `Date_Purchased`, `ModeOfPayment`) VALUES
(1, 19, '2023-06-20 00:00:00', 'Card'),
(2, 17, '2023-06-20 10:22:16', 'E-Wallet'),
(3, 3, '2023-06-20 10:42:53', 'Cash'),
(4, 15, '2023-06-20 11:02:42', 'Cash'),
(5, 26, '2023-06-20 11:12:52', 'Cash'),
(6, 48, '2023-06-20 11:16:08', 'Cash'),
(7, 42, '2023-06-20 11:17:17', 'Cash'),
(8, 43, '2023-06-20 20:59:03', 'E-Wallet'),
(9, 46, '2023-06-20 23:48:56', 'Card'),
(10, 44, '2023-06-21 14:57:18', 'Card'),
(11, 40, '2023-06-21 15:09:07', 'Cash'),
(12, 36, '2023-06-21 23:21:56', 'Cash'),
(13, 37, '2023-06-22 06:28:41', 'Cash'),
(14, 25, '2023-06-23 06:14:53', 'Cash'),
(15, 55, '2023-06-23 06:16:58', 'Cash'),
(16, 5, '2023-06-23 06:18:58', 'Cash'),
(17, 24, '2023-06-23 06:22:22', 'Cash'),
(18, 60, '2023-06-23 07:08:02', 'Cash'),
(19, 18, '2023-06-23 07:15:58', 'E-Wallet'),
(20, 63, '2023-06-23 07:22:39', 'Cash'),
(21, 4, '2023-12-11 23:45:52', 'Cash');

--
-- Indexes for dumped tables
--

--
-- Indexes for table `admin`
--
ALTER TABLE `admin`
  ADD PRIMARY KEY (`Admin_ID`);

--
-- Indexes for table `customer`
--
ALTER TABLE `customer`
  ADD PRIMARY KEY (`Customer_ID`);

--
-- Indexes for table `employee`
--
ALTER TABLE `employee`
  ADD PRIMARY KEY (`Employee_ID`);

--
-- Indexes for table `employeeattendance`
--
ALTER TABLE `employeeattendance`
  ADD KEY `Employee_ID` (`Employee_ID`);

--
-- Indexes for table `order`
--
ALTER TABLE `order`
  ADD PRIMARY KEY (`Order_Number`),
  ADD KEY `Employee_ID` (`Employee_ID`),
  ADD KEY `Customer_ID` (`Customer_ID`);

--
-- Indexes for table `orderlist`
--
ALTER TABLE `orderlist`
  ADD PRIMARY KEY (`OrderList_ID`);

--
-- Indexes for table `transactions`
--
ALTER TABLE `transactions`
  ADD PRIMARY KEY (`Transaction_ID`);

--
-- AUTO_INCREMENT for dumped tables
--

--
-- AUTO_INCREMENT for table `admin`
--
ALTER TABLE `admin`
  MODIFY `Admin_ID` int(11) NOT NULL AUTO_INCREMENT, AUTO_INCREMENT=2;

--
-- AUTO_INCREMENT for table `customer`
--
ALTER TABLE `customer`
  MODIFY `Customer_ID` int(11) NOT NULL AUTO_INCREMENT, AUTO_INCREMENT=63;

--
-- AUTO_INCREMENT for table `employee`
--
ALTER TABLE `employee`
  MODIFY `Employee_ID` int(11) NOT NULL AUTO_INCREMENT, AUTO_INCREMENT=8;

--
-- AUTO_INCREMENT for table `order`
--
ALTER TABLE `order`
  MODIFY `Order_Number` int(11) NOT NULL AUTO_INCREMENT, AUTO_INCREMENT=66;

--
-- AUTO_INCREMENT for table `orderlist`
--
ALTER TABLE `orderlist`
  MODIFY `OrderList_ID` int(11) NOT NULL AUTO_INCREMENT, AUTO_INCREMENT=63;

--
-- AUTO_INCREMENT for table `transactions`
--
ALTER TABLE `transactions`
  MODIFY `Transaction_ID` int(11) NOT NULL AUTO_INCREMENT, AUTO_INCREMENT=22;

--
-- Constraints for dumped tables
--

--
-- Constraints for table `employeeattendance`
--
ALTER TABLE `employeeattendance`
  ADD CONSTRAINT `employeeattendance_ibfk_1` FOREIGN KEY (`Employee_ID`) REFERENCES `employee` (`Employee_ID`);

--
-- Constraints for table `order`
--
ALTER TABLE `order`
  ADD CONSTRAINT `order_ibfk_1` FOREIGN KEY (`Employee_ID`) REFERENCES `employee` (`Employee_ID`),
  ADD CONSTRAINT `order_ibfk_2` FOREIGN KEY (`Customer_ID`) REFERENCES `customer` (`Customer_ID`);
COMMIT;

/*!40101 SET CHARACTER_SET_CLIENT=@OLD_CHARACTER_SET_CLIENT */;
/*!40101 SET CHARACTER_SET_RESULTS=@OLD_CHARACTER_SET_RESULTS */;
/*!40101 SET COLLATION_CONNECTION=@OLD_COLLATION_CONNECTION */;
